arch,img_type,img_size,test_mae,test_rmse,test_r2,val_rmse_best,num_params
resnet18,original,224,10.92580509185791,15.849752218433643,0.9966168403625488,16.51183472649712,11177025
resnet18,original,256,10.739903450012207,16.485445944181055,0.9963400363922119,16.837597800964105,11177025
resnet18,original,320,9.462904930114746,13.834112735224418,0.9974226355552673,14.687931135627029,11177025
resnet18,rectangular,224,8.373529434204102,13.237633458258138,0.997640073299408,14.06537297041479,11177025
resnet18,rectangular,256,6.409493446350098,10.829157880481318,0.9984207153320312,11.942205490304387,11177025
resnet18,rectangular,320,9.570069313049316,14.512157736462513,0.9971637725830078,15.316065034614185,11177025
